0.00,0.00,na,|address location banned:unknown device:too many login attempts:suspicious login attempt:ip address suspicious,
0.00,0.00,na,|address location banned:unknown device:too many login attempts:suspicious login attempt:ip address suspicious,
0.00,0.00,na,|address location banned:unknown device:too many login attempts:suspicious login attempt:ip address suspicious,
0.00,0.00,na,|address location banned:unknown device:too many login attempts:suspicious login attempt:ip address suspicious,
0.00,0.00,na,|address location banned:unknown device:too many login attempts:suspicious login attempt:ip address suspicious,
0.00,0.00,na,|address location banned:unknown device:too many login attempts:suspicious login attempt:ip address suspicious,
0.00,0.00,na,|address location banned:unknown device:too many login attempts:suspicious login attempt:ip address suspicious,
0.00,0.00,na,|address location banned:unknown device:too many login attempts:suspicious login attempt:ip address suspicious,
0.00,0.00,na,|address location banned:unknown device:too many login attempts:suspicious login attempt:ip address suspicious,
0.00,0.00,na,|address location banned:unknown device:too many login attempts:suspicious login attempt:ip address suspicious,
0.00,0.00,na,|address location banned:unknown device:too many login attempts:suspicious login attempt:ip address suspicious,
0.00,0.00,na,|address location banned:unknown device:too many login attempts:suspicious login attempt:ip address suspicious,
0.00,0.00,na,|address location banned:unknown device:too many login attempts:suspicious login attempt:ip address suspicious,
0.00,0.00,na,|address location banned:unknown device:too many login attempts:suspicious login attempt:ip address suspicious,
0.00,0.00,na,|address location banned:unknown device:too many login attempts:suspicious login attempt:ip address suspicious,
0.00,0.00,na,|address location banned:unknown device:too many login attempts:suspicious login attempt:ip address suspicious,
0.00,0.00,na,|address location banned:unknown device:too many login attempts:suspicious login attempt:ip address suspicious,
0.00,0.00,na,|address location banned:unknown device:too many login attempts:suspicious login attempt:ip address suspicious,
0.00,0.00,na,|address location banned:unknown device:too many login attempts:suspicious login attempt:ip address suspicious,
0.00,0.00,na,|address location banned:unknown device:too many login attempts:suspicious login attempt:ip address suspicious,
0.00,0.00,na,|address location banned:unknown device:too many login attempts:suspicious login attempt:ip address suspicious,
0.00,0.00,na,|address location banned:unknown device:too many login attempts:suspicious login attempt:ip address suspicious,
0.00,0.00,na,|address location banned:unknown device:too many login attempts:suspicious login attempt:ip address suspicious,
0.00,0.00,na,|address location banned:unknown device:too many login attempts:suspicious login attempt:ip address suspicious,
0.00,0.00,na,|address location banned:unknown device:too many login attempts:suspicious login attempt:ip address suspicious,
0.00,0.00,na,|address location banned:unknown device:too many login attempts:suspicious login attempt:ip address suspicious,
0.00,0.00,na,|address location banned:unknown device:too many login attempts:suspicious login attempt:ip address suspicious,
0.00,0.00,na,|address location banned:unknown device:too many login attempts:suspicious login attempt:ip address suspicious,
0.00,0.00,na,|address location banned:unknown device:too many login attempts:suspicious login attempt:ip address suspicious,
0.00,0.00,na,|address location banned:unknown device:too many login attempts:suspicious login attempt:ip address suspicious,
0.00,0.00,na,|address location banned:unknown device:too many login attempts:suspicious login attempt:ip address suspicious,
0.00,0.00,na,|address location banned:unknown device:too many login attempts:suspicious login attempt:ip address suspicious,
0.00,0.00,na,|address location banned:unknown device:too many login attempts:suspicious login attempt:ip address suspicious,
0.00,0.00,na,|address location banned:unknown device:too many login attempts:suspicious login attempt:ip address suspicious,
0.00,0.00,na,|address location banned:unknown device:too many login attempts:suspicious login attempt:ip address suspicious,
0.00,0.00,na,|address location banned:unknown device:too many login attempts:suspicious login attempt:ip address suspicious,
0.00,0.00,na,|address location banned:unknown device:too many login attempts:suspicious login attempt:ip address suspicious,
0.00,0.00,na,|address location banned:unknown device:too many login attempts:suspicious login attempt:ip address suspicious,
0.00,0.00,na,|address location banned:unknown device:too many login attempts:suspicious login attempt:ip address suspicious,
0.00,0.00,na,|address location banned:unknown device:too many login attempts:suspicious login attempt:ip address suspicious,
0.00,0.00,na,|address location banned:unknown device:too many login attempts:suspicious login attempt:ip address suspicious,
0.00,0.00,na,|address location banned:unknown device:too many login attempts:suspicious login attempt:ip address suspicious,
0.00,0.00,na,|address location banned:unknown device:too many login attempts:suspicious login attempt:ip address suspicious,
0.00,0.00,na,|address location banned:unknown device:too many login attempts:suspicious login attempt:ip address suspicious,
0.00,0.00,na,|address location banned:unknown device:too many login attempts:suspicious login attempt:ip address suspicious,
0.00,0.00,na,|address location banned:unknown device:too many login attempts:suspicious login attempt:ip address suspicious,
0.00,0.00,na,|address location banned:unknown device:too many login attempts:suspicious login attempt:ip address suspicious,
0.00,0.00,na,|address location banned:unknown device:too many login attempts:suspicious login attempt:ip address suspicious,
0.00,0.00,na,|address location banned:unknown device:too many login attempts:suspicious login attempt:ip address suspicious,
0.00,0.00,na,|address location banned:unknown device:too many login attempts:suspicious login attempt:ip address suspicious,
0.00,0.00,na,|address location banned:unknown device:too many login attempts:suspicious login attempt:ip address suspicious,
0.00,0.00,na,|address location banned:unknown device:too many login attempts:suspicious login attempt:ip address suspicious,
0.00,0.00,na,|address location banned:unknown device:too many login attempts:suspicious login attempt:ip address suspicious,
0.00,0.00,na,|address location banned:unknown device:too many login attempts:suspicious login attempt:ip address suspicious,
0.00,0.00,na,|address location banned:unknown device:too many login attempts:suspicious login attempt:ip address suspicious,
0.00,0.00,na,|address location banned:unknown device:too many login attempts:suspicious login attempt:ip address suspicious,
0.00,0.00,na,|address location banned:unknown device:too many login attempts:suspicious login attempt:ip address suspicious,
0.00,0.00,na,|address location banned:unknown device:too many login attempts:suspicious login attempt:ip address suspicious,
0.00,0.00,na,|address location banned:unknown device:too many login attempts:suspicious login attempt:ip address suspicious,
0.00,0.00,na,|address location banned:unknown device:too many login attempts:suspicious login attempt:ip address suspicious,
0.00,0.00,na,|address location banned:unknown device:too many login attempts:suspicious login attempt:ip address suspicious,
0.00,0.00,na,|address location banned:unknown device:too many login attempts:suspicious login attempt:ip address suspicious,
0.00,0.00,na,|address location banned:unknown device:too many login attempts:suspicious login attempt:ip address suspicious,
0.00,0.00,na,|address location banned:unknown device:too many login attempts:suspicious login attempt:ip address suspicious,
0.00,0.00,na,|address location banned:unknown device:too many login attempts:suspicious login attempt:ip address suspicious,
0.00,0.00,na,|address location banned:unknown device:too many login attempts:suspicious login attempt:ip address suspicious,
0.00,0.00,na,|address location banned:unknown device:too many login attempts:suspicious login attempt:ip address suspicious,
0.00,0.00,na,|address location banned:unknown device:too many login attempts:suspicious login attempt:ip address suspicious,
0.00,0.00,na,|address location banned:unknown device:too many login attempts:suspicious login attempt:ip address suspicious,
0.00,0.00,na,|address location banned:unknown device:too many login attempts:suspicious login attempt:ip address suspicious,
0.00,0.00,na,|address location banned:unknown device:too many login attempts:suspicious login attempt:ip address suspicious,
0.00,0.00,na,|address location banned:unknown device:too many login attempts:suspicious login attempt:ip address suspicious,
0.00,0.00,na,|address location banned:unknown device:too many login attempts:suspicious login attempt:ip address suspicious,
0.00,0.00,na,|address location banned:unknown device:too many login attempts:suspicious login attempt:ip address suspicious,
0.00,0.00,na,|address location banned:unknown device:too many login attempts:suspicious login attempt:ip address suspicious,
0.00,0.00,na,|address location banned:unknown device:too many login attempts:suspicious login attempt:ip address suspicious,
0.00,0.00,na,|address location banned:unknown device:too many login attempts:suspicious login attempt:ip address suspicious,
0.00,0.00,na,|address location banned:unknown device:too many login attempts:suspicious login attempt:ip address suspicious,
0.00,0.00,na,|address location banned:unknown device:too many login attempts:suspicious login attempt:ip address suspicious,
0.00,0.00,na,|address location banned:unknown device:too many login attempts:suspicious login attempt:ip address suspicious,
0.00,0.00,na,|address location banned:unknown device:too many login attempts:suspicious login attempt:ip address suspicious,
0.00,0.00,na,|address location banned:unknown device:too many login attempts:suspicious login attempt:ip address suspicious,
0.00,0.00,na,|address location banned:unknown device:too many login attempts:suspicious login attempt:ip address suspicious,
0.00,0.00,na,|address location banned:unknown device:too many login attempts:suspicious login attempt:ip address suspicious,
0.00,0.00,na,|address location banned:unknown device:too many login attempts:suspicious login attempt:ip address suspicious,
0.00,0.00,na,|address location banned:unknown device:too many login attempts:suspicious login attempt:ip address suspicious,
0.00,0.00,na,|address location banned:unknown device:too many login attempts:suspicious login attempt:ip address suspicious,
0.00,0.00,na,|address location banned:unknown device:too many login attempts:suspicious login attempt:ip address suspicious,
0.00,0.00,na,|address location banned:unknown device:too many login attempts:suspicious login attempt:ip address suspicious,
0.00,0.00,na,|address location banned:unknown device:too many login attempts:suspicious login attempt:ip address suspicious,
0.00,0.00,na,|address location banned:unknown device:too many login attempts:suspicious login attempt:ip address suspicious,
0.00,0.00,na,|address location banned:unknown device:too many login attempts:suspicious login attempt:ip address suspicious,
0.00,0.00,na,|address location banned:unknown device:too many login attempts:suspicious login attempt:ip address suspicious,
0.00,0.00,na,|address location banned:unknown device:too many login attempts:suspicious login attempt:ip address suspicious,
0.00,0.00,na,|address location banned:unknown device:too many login attempts:suspicious login attempt:ip address suspicious,
0.00,0.00,na,|address location banned:unknown device:too many login attempts:suspicious login attempt:ip address suspicious,
0.00,0.00,na,|address location banned:unknown device:too many login attempts:suspicious login attempt:ip address suspicious,
0.00,0.00,na,|address location banned:unknown device:too many login attempts:suspicious login attempt:ip address suspicious,
0.00,0.00,na,|address location banned:unknown device:too many login attempts:suspicious login attempt:ip address suspicious,
0.00,0.00,na,|address location banned:unknown device:too many login attempts:suspicious login attempt:ip address suspicious,
0.00,0.00,na,|address location banned:unknown device:too many login attempts:suspicious login attempt:ip address suspicious,
0.00,0.00,na,|address location banned:unknown device:too many login attempts:suspicious login attempt:ip address suspicious,
0.00,0.00,na,|address location banned:unknown device:too many login attempts:suspicious login attempt:ip address suspicious,
0.00,0.00,na,|address location banned:unknown device:too many login attempts:suspicious login attempt:ip address suspicious,
0.00,0.00,na,|address location banned:unknown device:too many login attempts:suspicious login attempt:ip address suspicious,
0.00,0.00,na,|address location banned:unknown device:too many login attempts:suspicious login attempt:ip address suspicious,
0.00,0.00,na,|address location banned:unknown device:too many login attempts:suspicious login attempt:ip address suspicious,
0.00,0.00,na,|address location banned:unknown device:too many login attempts:suspicious login attempt:ip address suspicious,
0.00,0.00,na,|address location banned:unknown device:too many login attempts:suspicious login attempt:ip address suspicious,
0.00,0.00,na,|address location banned:unknown device:too many login attempts:suspicious login attempt:ip address suspicious,
0.00,0.00,na,|address location banned:unknown device:too many login attempts:suspicious login attempt:ip address suspicious,
0.00,0.00,na,|address location banned:unknown device:too many login attempts:suspicious login attempt:ip address suspicious,
0.00,0.00,na,|address location banned:unknown device:too many login attempts:suspicious login attempt:ip address suspicious,
0.00,0.00,na,|address location banned:unknown device:too many login attempts:suspicious login attempt:ip address suspicious,
0.00,0.00,na,|address location banned:unknown device:too many login attempts:suspicious login attempt:ip address suspicious,
0.00,0.00,na,|address location banned:unknown device:too many login attempts:suspicious login attempt:ip address suspicious,
0.00,0.00,na,|address location banned:unknown device:too many login attempts:suspicious login attempt:ip address suspicious,
0.00,0.00,na,|address location banned:unknown device:too many login attempts:suspicious login attempt:ip address suspicious,
0.00,0.00,na,|address location banned:unknown device:too many login attempts:suspicious login attempt:ip address suspicious,
0.00,0.00,na,|address location banned:unknown device:too many login attempts:suspicious login attempt:ip address suspicious,
0.00,0.00,na,|address location banned:unknown device:too many login attempts:suspicious login attempt:ip address suspicious,
0.00,0.00,na,|address location banned:unknown device:too many login attempts:suspicious login attempt:ip address suspicious,
0.00,0.00,na,|address location banned:unknown device:too many login attempts:suspicious login attempt:ip address suspicious,
0.00,0.00,na,|address location banned:unknown device:too many login attempts:suspicious login attempt:ip address suspicious,
0.00,0.00,na,|address location banned:unknown device:too many login attempts:suspicious login attempt:ip address suspicious,
0.00,0.00,na,|address location banned:unknown device:too many login attempts:suspicious login attempt:ip address suspicious,
0.00,0.00,na,|address location banned:unknown device:too many login attempts:suspicious login attempt:ip address suspicious,
0.00,0.00,na,|address location banned:unknown device:too many login attempts:suspicious login attempt:ip address suspicious,
0.00,0.00,na,|address location banned:unknown device:too many login attempts:suspicious login attempt:ip address suspicious,
0.00,0.00,na,|address location banned:unknown device:too many login attempts:suspicious login attempt:ip address suspicious,
0.00,0.00,na,|address location banned:unknown device:too many login attempts:suspicious login attempt:ip address suspicious,
0.00,0.00,na,|address location banned:unknown device:too many login attempts:suspicious login attempt:ip address suspicious,
0.00,0.00,na,|address location banned:unknown device:too many login attempts:suspicious login attempt:ip address suspicious,
0.00,0.00,na,|address location banned:unknown device:too many login attempts:suspicious login attempt:ip address suspicious,
0.00,0.00,na,|address location banned:unknown device:too many login attempts:suspicious login attempt:ip address suspicious,
0.00,0.00,na,|address location banned:unknown device:too many login attempts:suspicious login attempt:ip address suspicious,
0.00,0.00,na,|address location banned:unknown device:too many login attempts:suspicious login attempt:ip address suspicious,
0.00,0.00,na,|address location banned:unknown device:too many login attempts:suspicious login attempt:ip address suspicious,
