0.00,0.00,na,|too many login attempts:unknown device:address location banned:suspicious login attempt:ip address suspicious,
0.00,0.00,na,|too many login attempts:unknown device:address location banned:suspicious login attempt:ip address suspicious,
0.00,0.00,na,|too many login attempts:unknown device:address location banned:suspicious login attempt:ip address suspicious,
0.00,0.00,na,|too many login attempts:unknown device:address location banned:suspicious login attempt:ip address suspicious,
0.00,0.00,na,|too many login attempts:unknown device:address location banned:suspicious login attempt:ip address suspicious,
0.00,0.00,na,|too many login attempts:unknown device:address location banned:suspicious login attempt:ip address suspicious,
0.00,0.00,na,|too many login attempts:unknown device:address location banned:suspicious login attempt:ip address suspicious,
0.00,0.00,na,|too many login attempts:unknown device:address location banned:suspicious login attempt:ip address suspicious,
0.00,0.00,na,|too many login attempts:unknown device:address location banned:suspicious login attempt:ip address suspicious,
0.00,0.00,na,|too many login attempts:unknown device:address location banned:suspicious login attempt:ip address suspicious,
0.00,0.00,na,|too many login attempts:unknown device:address location banned:suspicious login attempt:ip address suspicious,
0.00,0.00,na,|too many login attempts:unknown device:address location banned:suspicious login attempt:ip address suspicious,
0.00,0.00,na,|too many login attempts:unknown device:address location banned:suspicious login attempt:ip address suspicious,
0.00,0.00,na,|too many login attempts:unknown device:address location banned:suspicious login attempt:ip address suspicious,
0.00,0.00,na,|too many login attempts:unknown device:address location banned:suspicious login attempt:ip address suspicious,
0.00,0.00,na,|too many login attempts:unknown device:address location banned:suspicious login attempt:ip address suspicious,
0.00,0.00,na,|too many login attempts:unknown device:address location banned:suspicious login attempt:ip address suspicious,
0.00,0.00,na,|too many login attempts:unknown device:address location banned:suspicious login attempt:ip address suspicious,
0.00,0.00,na,|too many login attempts:unknown device:address location banned:suspicious login attempt:ip address suspicious,
0.00,0.00,na,|too many login attempts:unknown device:address location banned:suspicious login attempt:ip address suspicious,
0.00,0.00,na,|too many login attempts:unknown device:address location banned:suspicious login attempt:ip address suspicious,
0.00,0.00,na,|too many login attempts:unknown device:address location banned:suspicious login attempt:ip address suspicious,
0.00,0.00,na,|too many login attempts:unknown device:address location banned:suspicious login attempt:ip address suspicious,
0.00,0.00,na,|too many login attempts:unknown device:address location banned:suspicious login attempt:ip address suspicious,
0.00,0.00,na,|too many login attempts:unknown device:address location banned:suspicious login attempt:ip address suspicious,
0.00,0.00,na,|too many login attempts:unknown device:address location banned:suspicious login attempt:ip address suspicious,
0.00,0.00,na,|too many login attempts:unknown device:address location banned:suspicious login attempt:ip address suspicious,
0.00,0.00,na,|too many login attempts:unknown device:address location banned:suspicious login attempt:ip address suspicious,
0.00,0.00,na,|too many login attempts:unknown device:address location banned:suspicious login attempt:ip address suspicious,
0.00,0.00,na,|too many login attempts:unknown device:address location banned:suspicious login attempt:ip address suspicious,
0.00,0.00,na,|too many login attempts:unknown device:address location banned:suspicious login attempt:ip address suspicious,
0.00,0.00,na,|too many login attempts:unknown device:address location banned:suspicious login attempt:ip address suspicious,
0.00,0.00,na,|too many login attempts:unknown device:address location banned:suspicious login attempt:ip address suspicious,
0.00,0.00,na,|too many login attempts:unknown device:address location banned:suspicious login attempt:ip address suspicious,
0.00,0.00,na,|too many login attempts:unknown device:address location banned:suspicious login attempt:ip address suspicious,
0.00,0.00,na,|too many login attempts:unknown device:address location banned:suspicious login attempt:ip address suspicious,
0.00,0.00,na,|too many login attempts:unknown device:address location banned:suspicious login attempt:ip address suspicious,
0.00,0.00,na,|too many login attempts:unknown device:address location banned:suspicious login attempt:ip address suspicious,
0.00,0.00,na,|too many login attempts:unknown device:address location banned:suspicious login attempt:ip address suspicious,
0.00,0.00,na,|too many login attempts:unknown device:address location banned:suspicious login attempt:ip address suspicious,
0.00,0.00,na,|too many login attempts:unknown device:address location banned:suspicious login attempt:ip address suspicious,
0.00,0.00,na,|too many login attempts:unknown device:address location banned:suspicious login attempt:ip address suspicious,
0.00,0.00,na,|too many login attempts:unknown device:address location banned:suspicious login attempt:ip address suspicious,
0.00,0.00,na,|too many login attempts:unknown device:address location banned:suspicious login attempt:ip address suspicious,
0.00,0.00,na,|too many login attempts:unknown device:address location banned:suspicious login attempt:ip address suspicious,
0.00,0.00,na,|too many login attempts:unknown device:address location banned:suspicious login attempt:ip address suspicious,
0.00,0.00,na,|too many login attempts:unknown device:address location banned:suspicious login attempt:ip address suspicious,
0.00,0.00,na,|too many login attempts:unknown device:address location banned:suspicious login attempt:ip address suspicious,
0.00,0.00,na,|too many login attempts:unknown device:address location banned:suspicious login attempt:ip address suspicious,
0.00,0.00,na,|too many login attempts:unknown device:address location banned:suspicious login attempt:ip address suspicious,
0.00,0.00,na,|too many login attempts:unknown device:address location banned:suspicious login attempt:ip address suspicious,
0.00,0.00,na,|too many login attempts:unknown device:address location banned:suspicious login attempt:ip address suspicious,
0.00,0.00,na,|too many login attempts:unknown device:address location banned:suspicious login attempt:ip address suspicious,
0.00,0.00,na,|too many login attempts:unknown device:address location banned:suspicious login attempt:ip address suspicious,
0.00,0.00,na,|too many login attempts:unknown device:address location banned:suspicious login attempt:ip address suspicious,
0.00,0.00,na,|too many login attempts:unknown device:address location banned:suspicious login attempt:ip address suspicious,
0.00,0.00,na,|too many login attempts:unknown device:address location banned:suspicious login attempt:ip address suspicious,
0.00,0.00,na,|too many login attempts:unknown device:address location banned:suspicious login attempt:ip address suspicious,
0.00,0.00,na,|too many login attempts:unknown device:address location banned:suspicious login attempt:ip address suspicious,
0.00,0.00,na,|too many login attempts:unknown device:address location banned:suspicious login attempt:ip address suspicious,
0.00,0.00,na,|too many login attempts:unknown device:address location banned:suspicious login attempt:ip address suspicious,
0.00,0.00,na,|too many login attempts:unknown device:address location banned:suspicious login attempt:ip address suspicious,
0.00,0.00,na,|too many login attempts:unknown device:address location banned:suspicious login attempt:ip address suspicious,
0.00,0.00,na,|too many login attempts:unknown device:address location banned:suspicious login attempt:ip address suspicious,
0.00,0.00,na,|too many login attempts:unknown device:address location banned:suspicious login attempt:ip address suspicious,
0.00,0.00,na,|too many login attempts:unknown device:address location banned:suspicious login attempt:ip address suspicious,
0.00,0.00,na,|too many login attempts:unknown device:address location banned:suspicious login attempt:ip address suspicious,
0.00,0.00,na,|too many login attempts:unknown device:address location banned:suspicious login attempt:ip address suspicious,
0.00,0.00,na,|too many login attempts:unknown device:address location banned:suspicious login attempt:ip address suspicious,
0.00,0.00,na,|too many login attempts:unknown device:address location banned:suspicious login attempt:ip address suspicious,
0.00,0.00,na,|too many login attempts:unknown device:address location banned:suspicious login attempt:ip address suspicious,
0.00,0.00,na,|too many login attempts:unknown device:address location banned:suspicious login attempt:ip address suspicious,
0.00,0.00,na,|too many login attempts:unknown device:address location banned:suspicious login attempt:ip address suspicious,
0.00,0.00,na,|too many login attempts:unknown device:address location banned:suspicious login attempt:ip address suspicious,
0.00,0.00,na,|too many login attempts:unknown device:address location banned:suspicious login attempt:ip address suspicious,
0.00,0.00,na,|too many login attempts:unknown device:address location banned:suspicious login attempt:ip address suspicious,
0.00,0.00,na,|too many login attempts:unknown device:address location banned:suspicious login attempt:ip address suspicious,
0.00,0.00,na,|too many login attempts:unknown device:address location banned:suspicious login attempt:ip address suspicious,
0.00,0.00,na,|too many login attempts:unknown device:address location banned:suspicious login attempt:ip address suspicious,
